[{"id":"user-image-homenLavandoCarroPreto.jpg","fileName":"homenLavandoCarroPreto.jpg","name":"homenLavandoCarroPreto","publicUrl":"https://assets.nicepagecdn.com/f2df4628/6220911/images/homenLavandoCarroPreto.jpg","size":468088,"hash":"TvCJVwCWtdgIlBmk6Hx0ufH+yk8=","width":1000,"height":640,"folderId":null,"thumbnail":{"url":"https://assets.nicepagecdn.com/f2df4628/6220911/images/thumbnails/homenLavandoCarroPreto.jpg","width":150,"height":96},"usages":["492410524"]},{"id":"user-image-encerrandoCarro.jpg","fileName":"encerrandoCarro.jpg","name":"encerrandoCarro","publicUrl":"https://assets.nicepagecdn.com/f2df4628/6220911/images/encerrandoCarro.jpg","size":98225,"hash":"erX8zRQR2UtTwgS4sSoDKuZj/0Y=","width":1280,"height":853,"folderId":null,"thumbnail":{"url":"https://assets.nicepagecdn.com/f2df4628/6220911/images/thumbnails/encerrandoCarro.jpg","width":150,"height":100},"usages":["492410524"]},{"id":"user-image-antesDepoisLimpeza.webp","fileName":"antesDepoisLimpeza.webp","name":"antesDepoisLimpeza","publicUrl":"https://assets.nicepagecdn.com/f2df4628/6220911/images/antesDepoisLimpeza.webp","size":56928,"hash":"ijcRPzot5WJ8/BGalKHbinLsWUY=","width":600,"height":338,"folderId":null,"thumbnail":{"url":"https://assets.nicepagecdn.com/f2df4628/6220911/images/antesDepoisLimpeza.webp","width":600,"height":338},"usages":["492410524"]},{"id":"user-image-senhorLavando.jpeg","fileName":"senhorLavando.jpeg","name":"senhorLavando","publicUrl":"https://assets.nicepagecdn.com/f2df4628/6220911/images/senhorLavando.jpeg","size":10720,"hash":"jMimHHqu/81GoNQcVEH9Za/K8/I=","width":276,"height":183,"folderId":null,"thumbnail":{"url":"https://assets.nicepagecdn.com/f2df4628/6220911/images/thumbnails/senhorLavando.jpeg","width":150,"height":99},"usages":["492410524"]}]