[{"id":"user-image-1765013.png","fileName":"1765013.png","name":"1765013","publicUrl":"https://assets.nicepagecdn.com/f2df4628/6220911/images/1765013.png","size":3245,"hash":"jPnkqOG3aJl8NLD2oAjjM7GaGvk=","width":128,"height":128,"folderId":null,"thumbnail":{"url":"https://assets.nicepagecdn.com/f2df4628/6220911/images/1765013.png","width":128,"height":128},"usages":[]},{"id":"user-image-688fbe51200b6a49484698e41ffcace6833499a826cdde7518297281a3949bec300f3b190af9959713a1521c0467d30ad91d7da7d92d6e64a9a261_1280.jpg","fileName":"688fbe51200b6a49484698e41ffcace6833499a826cdde7518297281a3949bec300f3b190af9959713a1521c0467d30ad91d7da7d92d6e64a9a261_1280.jpg","name":"688fbe51200b6a49484698e41ffcace6833499a826cdde7518297281a3949bec300f3b190af9959713a1521c0467d30ad91d7da7d92d6e64a9a261_1280","publicUrl":"https://assets.nicepagecdn.com/f2df4628/6220911/images/688fbe51200b6a49484698e41ffcace6833499a826cdde7518297281a3949bec300f3b190af9959713a1521c0467d30ad91d7da7d92d6e64a9a261_1280.jpg","size":139564,"hash":"q3g6yxpCuyquisOoD78XPVBf13A=","width":1280,"height":558,"folderId":null,"thumbnail":{"url":"https://assets.nicepagecdn.com/f2df4628/6220911/images/thumbnails/688fbe51200b6a49484698e41ffcace6833499a826cdde7518297281a3949bec300f3b190af9959713a1521c0467d30ad91d7da7d92d6e64a9a261_1280.jpg","width":150,"height":65},"usages":["7166465"]},{"id":"user-image-15308071.png","fileName":"15308071.png","name":"15308071","publicUrl":"https://assets.nicepagecdn.com/f2df4628/6220911/images/15308071.png","size":5591,"hash":"tp5KKnNESKt/To3Uj1KVS//G+/Y=","width":128,"height":128,"folderId":null,"thumbnail":{"url":"https://assets.nicepagecdn.com/f2df4628/6220911/images/15308071.png","width":128,"height":128},"usages":[]},{"id":"user-image-homenLavandoCarroPreto.jpg","fileName":"homenLavandoCarroPreto.jpg","name":"homenLavandoCarroPreto","publicUrl":"https://assets.nicepagecdn.com/f2df4628/6220911/images/homenLavandoCarroPreto.jpg","size":468088,"hash":"TvCJVwCWtdgIlBmk6Hx0ufH+yk8=","width":1000,"height":640,"folderId":null,"thumbnail":{"url":"https://assets.nicepagecdn.com/f2df4628/6220911/images/thumbnails/homenLavandoCarroPreto.jpg","width":150,"height":96},"usages":[]},{"id":"user-image-encerrandoCarro.jpg","fileName":"encerrandoCarro.jpg","name":"encerrandoCarro","publicUrl":"https://assets.nicepagecdn.com/f2df4628/6220911/images/encerrandoCarro.jpg","size":98225,"hash":"erX8zRQR2UtTwgS4sSoDKuZj/0Y=","width":1280,"height":853,"folderId":null,"thumbnail":{"url":"https://assets.nicepagecdn.com/f2df4628/6220911/images/thumbnails/encerrandoCarro.jpg","width":150,"height":100},"usages":[]},{"id":"user-image-antesDepoisLimpeza.webp","fileName":"antesDepoisLimpeza.webp","name":"antesDepoisLimpeza","publicUrl":"https://assets.nicepagecdn.com/f2df4628/6220911/images/antesDepoisLimpeza.webp","size":56928,"hash":"ijcRPzot5WJ8/BGalKHbinLsWUY=","width":600,"height":338,"folderId":null,"thumbnail":{"url":"https://assets.nicepagecdn.com/f2df4628/6220911/images/antesDepoisLimpeza.webp","width":600,"height":338},"usages":[]},{"id":"user-image-senhorLavando.jpeg","fileName":"senhorLavando.jpeg","name":"senhorLavando","publicUrl":"https://assets.nicepagecdn.com/f2df4628/6220911/images/senhorLavando.jpeg","size":10720,"hash":"jMimHHqu/81GoNQcVEH9Za/K8/I=","width":276,"height":183,"folderId":null,"thumbnail":{"url":"https://assets.nicepagecdn.com/f2df4628/6220911/images/thumbnails/senhorLavando.jpeg","width":150,"height":99},"usages":[]}]