[{"id":73255738,"title":"Blog Template","order":1,"templateKey":"blog","customTemplate":false,"customTemplateFilename":null,"pageLinks":[],"dateCreated":"2024-03-27T23:28:28.974Z","dateUpdated":"2024-03-27T23:28:40.616Z","folderId":null,"pageName":"Blog Template","sectionCount":1,"status":2},{"id":364227306,"title":"Post Template","order":2,"templateKey":"post","customTemplate":false,"customTemplateFilename":null,"pageLinks":[],"dateCreated":"2024-03-27T23:28:29.134Z","dateUpdated":"2024-03-27T23:28:40.617Z","folderId":null,"pageName":"Post Template","sectionCount":1,"status":2},{"id":1834913158,"title":"Product List Template","order":3,"templateKey":"products","customTemplate":false,"customTemplateFilename":null,"pageLinks":[],"dateCreated":"2024-03-27T23:28:29.288Z","dateUpdated":"2024-03-27T23:28:40.617Z","folderId":null,"pageName":"Product List Template","sectionCount":1,"status":2},{"id":2076321179,"title":"Product Details Template","order":4,"templateKey":"product","customTemplate":false,"customTemplateFilename":null,"pageLinks":[],"dateCreated":"2024-03-27T23:28:29.493Z","dateUpdated":"2024-03-27T23:28:40.618Z","folderId":null,"pageName":"Product Details Template","sectionCount":1,"status":2},{"id":1136628400,"title":"Shopping Cart Template","order":5,"templateKey":"cart","customTemplate":false,"customTemplateFilename":null,"pageLinks":[],"dateCreated":"2024-03-27T23:28:29.683Z","dateUpdated":"2024-03-27T23:28:40.618Z","folderId":null,"pageName":"Shopping Cart Template","sectionCount":1,"status":2},{"id":80904779,"title":"Login Template","order":7,"templateKey":"login","customTemplate":false,"customTemplateFilename":null,"pageLinks":[],"dateCreated":"2024-03-27T23:28:29.832Z","dateUpdated":"2024-03-27T23:28:40.619Z","folderId":null,"pageName":"Login Template","sectionCount":1,"status":2},{"id":140017529,"title":"Password Template","order":8,"templateKey":"password","customTemplate":false,"customTemplateFilename":null,"pageLinks":[],"dateCreated":"2024-03-27T23:28:29.907Z","dateUpdated":"2024-03-27T23:28:40.619Z","folderId":null,"pageName":"Password Template","sectionCount":1,"status":2},{"id":852402068,"title":"404 Not Found Template","order":9,"templateKey":"404","customTemplate":false,"customTemplateFilename":null,"pageLinks":[],"dateCreated":"2024-03-27T23:28:29.975Z","dateUpdated":"2024-03-27T23:28:40.619Z","folderId":null,"pageName":"404 Not Found Template","sectionCount":1,"status":2},{"id":182384837,"title":"Thank You Template","order":10,"templateKey":"ThankYou","customTemplate":false,"customTemplateFilename":null,"pageLinks":[],"dateCreated":"2024-03-27T23:28:30.037Z","dateUpdated":"2024-03-27T23:28:40.619Z","folderId":null,"pageName":"Thank You Template","sectionCount":1,"status":2},{"id":183207501,"title":"Sobre","order":100,"templateKey":null,"customTemplate":false,"customTemplateFilename":null,"pageLinks":[],"dateCreated":"2024-03-27T23:28:30.311Z","dateUpdated":"2024-03-27T23:28:40.620Z","folderId":null,"pageName":"Sobre_183207501","sectionCount":1,"status":2},{"id":29981257,"title":"Servicos","order":101,"templateKey":null,"customTemplate":false,"customTemplateFilename":null,"pageLinks":[],"dateCreated":"2024-03-27T23:28:30.353Z","dateUpdated":"2024-04-03T01:48:55.863Z","folderId":null,"pageName":"Servicos_29981257","sectionCount":1,"status":2},{"id":7166465,"title":"Página 1","order":102,"templateKey":null,"customTemplate":false,"customTemplateFilename":null,"pageLinks":[],"dateCreated":"2024-04-03T17:20:28.846Z","dateUpdated":"2024-04-03T18:51:24.650Z","folderId":null,"pageName":"Página 1_7166465","sectionCount":5,"status":2}]